term,terms
family tracker,"['family tracker', 'family tracker app', 'family tracker free', 'family tracker app free', 'family tracker verizon', 'family tracker iphone', 'family tracker sprint', 'family tracker app reviews', 'family tracker app for iphone', 'family tracker pro']"
family tracker app for iphone,"['family tracker app for iphone', 'family tracker app for iphone and android', 'family locator app for iphone', 'family locator app for iphone and android', 'best family tracker app for iphone and android', 'best family tracker app for iphone', 'free family tracker app for iphone', 'best family locator app for iphone', 'sprint family locator app for iphone', 'verizon family locator app for iphone']"
family tracker sprint,"['family tracker sprint', 'family locator sprint', 'family locator sprint iphone', 'family locator sprint plan', 'family locator sprint hack', 'family locator sprint login page', 'family locator sprint reviews', 'sprint family tracker block']"
family locator sprint reviews,"['family locator sprint reviews', 'sprint family locator app reviews']"
sprint family tracker block,"['sprint family tracker block', 'sprint family locator blocker app', 'sprint family locator block text']"
track girlfriend,"['track girlfriend', 'track girlfriend app', 'track girlfriends iphone', 'track girlfriends phone free', 'track girlfriends facebook messages', 'track girlfriend shirts', 'track girlfriend location', 'track girlfriends period', 'track girlfriend text messages', 'track girlfriend whatsapp']"
sprint family locator block text,['sprint family locator block text']
catch cheating spouse,"['catch cheating spouse', 'catch cheating spouse free', 'catch cheating spouse iphone', 'catch cheating spouse cell phone for free', 'catch cheating spouse text messages free', 'catch cheating spouse app', 'catch cheating spouse android phone', 'catch cheating spouse camera', 'catch cheating spouse cell phone', 'catch cheating spouse app iphone']"
family tracker app free,"['family tracker app free', 'family locator app free download', 'best family locator app free', 'free family tracker app for iphone', 'free family gps tracker app']"
family locator app for iphone and android,"['family locator app for iphone and android', 'family tracking app for iphone and android', 'best family locator app for iphone and android', 'best family locator app for android and iphone 2015']"
cheat,"['cheat codes', 'cheat engine', 'cheating', 'cheaters', 'cheatbreaker', 'cheat sheet', 'cheat codes for gta 5', 'cheatcc', 'cheat codes for gta 5 ps3', 'cheating quotes']"
read sms,"['read sms', 'read sms online', 'read sms messages', 'read sms on pc', 'read sms messages android', 'read sms messages on pc', 'read sms backup file on pc', 'read sms messages on computer', 'read sms online free', 'read sms out loud android']"
verizon family locator app for iphone,"['verizon family locator app for iphone', 'verizon wireless family locator app for iphone']"
free family tracker app for iphone,"['free family tracker app for iphone', 'free family locator app for iphone', 'best free family locator app for iphone']"
best family locator app for iphone and android,"['best family locator app for iphone and android', 'family locator app for iphone and android', 'best family locator app for android and iphone 2015']"
track girlfriend app,"['track girlfriend app', 'track girlfriend period app', 'track your girlfriend iphone app']"
catch cheating spouse cell phone,"['catch cheating spouse cell phone for free', 'catch cheating spouse cell phone', 'catch cheating spouse cell phone software', 'catch cheating spouse cell phone free trial', 'catch cheating spouse cell phone spy', 'catch cheating husband cell phone', 'catch cheating wife cell phone', 'catch cheating spouse using cell phone', 'catch my husband cheating cell phone', 'how to catch a cheating spouse with his cell phone']"
track girlfriends facebook messages,"['track girlfriends facebook messages', 'how to track my girlfriends facebook messages']"
catch cheating spouse cell phone for free,"['catch cheating spouse cell phone for free', 'catch cheating spouse cell phone free trial']"
read sms on pc,"['read sms on pc', 'read sms on pc android', 'read sms on pc iphone', 'read sms on pc software', 'samsung read sms on pc', 'nokia read sms on pc', 'blackberry read sms on pc', 'read sms backup on pc', 'read htc sms on pc', 'windows phone read sms on pc']"
verizon wireless family locator app for iphone,['verizon wireless family locator app for iphone']
sprint family locator app for iphone,"['sprint family locator app for iphone', 'sprint family locator app for iphone 5', 'sprint family locator app for iphone 6', 'sprint family locator review iphone']"
read sms on pc software,['read sms on pc software']
track spouse,"['track spouse phone', 'track spouse', 'track spouse iphone', 'track spouses cell phone location', 'track spouse car', 'track spouses text messages', 'track spouse phone location', 'track spouse iphone text messages', 'track spouse visa application uk', 'track spouse app']"
how to catch a cheating spouse with his cell phone,"['how to catch a cheating spouse with his cell phone', 'how to catch a cheating spouse with their cell phone', 'how to catch a cheating spouse using cell phone', 'how to catch a cheating spouse using cell phone for free', 'how to catch a cheating spouse through cell phone', 'how to catch a cheating wife cell phone', 'how to catch wife cheating with cell phone trace']"
catch cheating spouse text messages free,['catch cheating spouse text messages free']
free family gps tracker app,"['free family gps tracker app', 'free gps tracker app', 'free gps tracker app for iphone', 'free gps tracking app', 'free gps tracking app for iphone']"
sprint family locator app for iphone 5,['sprint family locator app for iphone 5']
spy,"['spyder', 'spy', 'spyder movie review', 'spyfall', 'spy kids', 'spy dialer', 'spy stock', 'spy camera', 'spyro', 'spyderco']"
sprint family locator app reviews,['sprint family locator app reviews']
cheat engine,"['cheat engine', 'cheat engine download', 'cheat engine 6.6', 'cheat engine 6.4', 'cheat engine android', 'cheat engine tables', 'cheat engine for mac', 'cheat engine 6.3', 'cheat engine dark souls 3', 'cheat engine roblox']"
cheatcc,"['cheatcc', 'cheatcc ps3', 'cheatcc xbox one', 'cheatcc xbox 360', 'cheatcc gta 5', 'cheatcc ps2', 'cheatcc gta 5 xbox one', 'cheatcc gta 5 ps4', 'cheatcc gta 5 ps3', 'cheatcc pc']"
track spouse car,"['track spouse car', 'track my husband car', 'track cheating spouse car']"
read texts,"['read texts', 'read texts online', 'read texts on icloud', 'read texts on computer', 'read texts online verizon', 'read texts from another phone free', 'read texts online sprint', 'read texts out loud android', 'read texts on computer android', 'read texts on computer iphone']"
catch cheating spouse camera,"['catch cheating spouse camera', 'catch your spouse cheating camera']"
cheating quotes,"['cheating quotes', 'cheating quotes for her', 'cheating quotes tumblr', 'cheating quotes for him', 'cheating quotes funny', 'cheating quotes in spanish', 'cheating quotes images', 'cheating quotes twitter', 'cheating quotes for him images', 'cheating quotes pinterest']"
catch cheating spouse using cell phone,"['catch cheating spouse using cell phone', 'catch cheating spouse with cell phone', 'catch cheating spouse cell phone for free', 'catch cheating spouse cell phone software', 'catch cheating spouse cell phone free trial', 'catch cheating spouse cell phone spy', 'catch cheating husband cell phone', 'catch cheating wife cell phone']"
track spouse app,"['track spouse app', 'track my spouse app', 'track spouse visa application uk', 'track cheating spouse app', 'track spouse visa application', 'track spouse visa application pakistan', 'track spouse visa application australia', 'track spouse visa application canada', 'track australian spouse visa application', 'track your spouse visa application']"
cheat codes for gta 5 ps3,"['cheat codes for gta 5 ps3', 'cheat codes for gta 5 ps3 online', 'cheat codes for gta 5 ps3 tank', 'cheat codes for gta 5 ps3 ammo', 'cheat codes for gta 5 ps3 phone numbers', 'cheat codes for gta 5 ps3 numbers', 'cheat codes for gta 5 ps3 offline', 'cheat codes for gta 5 ps3 on phone', 'cheat codes for gta 5 ps3 for cars', 'cheat codes for gta 5 ps3 all guns']"
catch cheating spouse free,"['catch cheating spouse free', 'catch cheating spouse free app', 'catch cheating spouse software free', 'catch cheating spouse online free', 'catch cheating spouse text messages free', 'catch cheating spouse cell phone free', 'catch cheating spouse cell phone free trial', 'catch your spouse cheating free app', 'catch your spouse cheating online free']"
how to catch a cheating spouse through cell phone,"['how to catch a cheating spouse through cell phone', 'how to catch a cheating spouse using cell phone', 'how to catch a cheating spouse using cell phone for free', 'how to catch a cheating spouse cell phone', 'how to catch a cheating wife cell phone', 'how to catch a cheating spouse with his cell phone', 'how to catch a cheating husband on his cell phone']"
family tracker app reviews,"['family tracker app reviews', 'sprint family locator app reviews', 'family gps tracker app review']"
track girlfriend text messages,"['track girlfriend text messages', 'how to track your girlfriends text messages', 'how can i track my girlfriend text messages']"
family tracker free,"['family tracker free', 'family tracker free download', 'family locator free download', 'family locator free apk', 'family tree tracker free', 'family gps tracker free', 'family tracker apk free download', 'iphone family tracker free', 'family gps tracker free download', 'family phone tracker free']"
cheatcc pc,"['cheatcc pc', 'cheatcc pc witcher 3', 'cheatcc pc fallout 4', 'cheatcc pc skyrim', 'cheatcc pc sims 3', 'cheatcc pc gta 5', 'cheatcc pc gta san andreas', 'cheatcc pc sims 4', 'cheatcc pc fallout new vegas', 'fallout 3 cheats pc']"
family locator sprint,"['family locator sprint', 'family locator sprint iphone', 'family locator sprint plan', 'family locator sprint hack', 'family locator sprint login page', 'family locator sprint reviews', 'family tracking sprint', 'family locator app sprint', 'cancel family locator sprint', 'disable family locator sprint']"
how to track your girlfriends text messages,['how to track your girlfriends text messages for free']
sprint family locator blocker app,['sprint family locator blocker app']
free gps tracking app for iphone,"['free gps tracking app for iphone', 'free gps tracking app for iphone and android', 'free gps tracker app for iphone', 'free gps tracking software for iphone', 'best free gps tracking app for iphone', 'best free gps tracker app for iphone', 'best free gps phone tracking app for iphone', 'gps tracking app for iphone', 'gps tracking app for iphone 6', 'gps tracking app for iphone review']"
cheatcc gta 5 xbox one,['cheatcc gta 5 xbox one']
catch cheating spouse iphone,"['catch cheating spouse iphone', 'catch cheating spouse iphone app', 'catch cheating spouse iphone 5', 'catch your cheating spouse iphone', 'catch cheating spouse using iphone', 'catch cheating spouse with iphone 6', 'app to catch a cheating spouse iphone free', 'find my iphone catch cheating spouse']"
track girlfriend shirts,"['track girlfriend shirts', 'dirt track girlfriend shirts', 'cute track girlfriend shirts', 'track and field girlfriend shirts', 'dirt track racing girlfriend shirts']"
track girlfriends phone free,['track girlfriends phone free']
cheating quotes for him,"['cheating quotes for him', 'cheating quotes for him images', 'cheating quotes for him tumblr', 'cheating quotes for him in hindi', 'cheating quotes for him in telugu', 'cheating quotes for him in spanish', 'cheating quotes for him pinterest', 'cheating quotes for him in tamil', 'cheating husband quotes for him', 'cheating love quotes for him']"
fallout 3 cheats pc,"['fallout 3 cheats pc', 'fallout 3 cheats pc steam', 'fallout 3 cheats pc item codes', 'fallout 3 cheats pc instant-kill magnum', 'fallout 3 cheats pc weapons', 'fallout 3 cheats pc caps', 'fallout 3 cheats pc lockpick skill', 'fallout 3 cheats pc stimpacks', 'fallout 3 cheats pc infinite ammo', 'fallout 3 cheats pc perk codes']"
find my iphone catch cheating spouse,['find my iphone catch cheating spouse']
how to catch wife cheating with cell phone trace,['how to catch wife cheating with cell phone trace']
fallout 3 cheats pc weapons,"['fallout 3 cheats pc weapons', 'fallout 3 pc cheats weapon condition']"
fallout 3 cheats pc lockpick skill,['fallout 3 cheats pc lockpick skill']
read sms backup file on pc,"['read sms backup file on pc', 'how to read iphone sms backup file on pc']"
track my spouse app,"['track my spouse app', 'track my cheating spouse app', 'track my spouse visa application', 'track my wifes phone app', 'track my wifes phone app free']"
cheatcc gta 5 ps3,"['cheatcc gta 5 ps3', 'cheatcc gta 5 ps3 money', 'cheatcc gta 5 playstation 3']"
gps tracking app for iphone review,"['gps tracking app for iphone review', 'gps tracker for iphone reviews']"
read sms messages on pc,"['read sms messages on pc', 'read text messages on pc', 'read text messages on pc iphone', 'read android text messages on pc', 'read samsung text messages on pc', 'software to read text messages on pc', 'read windows phone text messages on pc', 'read sms on pc android', 'read sms on pc software', 'read text messages metropcs']"
cheat codes for gta 5 ps3 ammo,"['cheat codes for gta 5 ps3 ammo', 'cheat codes for gta 5 ps3 unlimited ammo', 'cheat codes for gta 5 ps3 more ammo']"
fallout 3 cheats pc stimpacks,['fallout 3 cheats pc stimpacks']
how to catch a cheating husband on his cell phone,"['how to catch a cheating husband on his cell phone', 'how to catch a cheating husband on cell phone']"
read text messages on pc iphone,"['read text messages on pc iphone', 'program to read iphone text messages on pc']"
cheating quotes pinterest,"['cheating quotes pinterest', 'cheating husband quotes pinterest', 'cheating boyfriend quotes pinterest', 'cheating quotes for him pinterest']"
catch cheating spouse app,"['catch cheating spouse app', 'catch cheating spouse app free', 'catch a cheating spouse app android', 'catch your cheating spouse app reviews', 'catch your spouse cheating app free', 'best app to catch cheating spouse iphone']"
track and field girlfriend shirts,['track and field girlfriend shirts']
family tracker free download,"['family tracker free download', 'family locator free download', 'family tracker apk free download', 'family gps tracker free download', 'family locator app free download', 'family locator apk free download', 'sprint family locator free download']"
fallout 3 cheats pc item codes,"['fallout 3 cheats pc item codes', 'fallout 3 cheats armor codes', 'fallout 3 cheat weapon codes']"
family locator sprint login page,"['family locator sprint login page', 'sprint family locator login page web enabled']"
read sms online free,"['read sms online free', 'read sms texts online free', 'read someones sms online free']"
family tracker apk free download,['family tracker apk free download']
cheating,"['cheating', 'cheating meme', 'cheating spouse', 'cheating songs', 'cheating husband', 'cheating stories', 'cheating definition', 'cheating quotes', 'cheating boyfriend', 'cheating website']"
catch cheating spouse with cell phone,"['catch cheating spouse with cell phone', 'catch cheating spouse cell phone for free', 'catch cheating spouse cell phone software', 'catch cheating spouse cell phone free trial', 'catch cheating spouse cell phone spy', 'catch cheating spouse using cell phone', 'catch cheating husband cell phone', 'catch cheating wife cell phone', 'how to catch wife cheating with cell phone trace', 'how to catch a cheating spouse with his cell phone']"
best free gps tracking app for iphone,"['best free gps tracking app for iphone', 'best free gps tracker app for iphone', 'best free gps phone tracking app for iphone', 'free gps tracking app for iphone', 'free gps tracking app for iphone and android', 'free gps tracker app for iphone', 'free gps tracking software for iphone', 'free gps locator app for iphone']"
samsung read sms on pc,"['samsung read sms on pc', 'samsung galaxy s3 read sms on pc', 'read samsung text messages on pc']"
read someones sms online free,"[""read someone's sms online free"", 'read someones text messages online free', 'read someone elses text messages online free']"
best free gps phone tracking app for iphone,['best free gps phone tracking app for iphone']
read texts online sprint,"['read texts online sprint', 'read my texts online sprint', 'can you read texts online sprint', 'access my texts online sprint', 'can parents read texts online sprint', 'how to read your texts online sprint', 'is it possible to read texts online sprint', 'is there a way to read texts online sprint', 'can your parents read your texts online sprint', 'can my dad read my texts online sprint']"
read sms messages,"['read sms messages', 'read sms messages android', 'read sms messages on pc', 'read sms messages on computer', 'read sms messages from another phone', 'read sms messages remotely', 'read sms messages on icloud', 'read sms messages on ipad', 'read sms messages on mac', 'read sms messages from iphone backup']"
catch your cheating spouse app reviews,['catch your cheating spouse app reviews']
cheat codes for gta 5 ps3 numbers,['cheat codes for gta 5 ps3 numbers']
track spouse visa application canada,['track spouse visa application canada']
family locator app for iphone,"['family locator app for iphone', 'family locator app for iphone and android', 'family tracking app for iphone', 'family tracking app for iphone and android', 'best family locator app for iphone', 'sprint family locator app for iphone', 'verizon family locator app for iphone', 'sprint family locator app for iphone 5', 'free family locator app for iphone', 'best family locator app for iphone 2015']"
catch cheating spouse android phone,['catch cheating spouse android phone']
family tracker verizon,"['family tracker verizon', 'family locator verizon wireless login', 'family locator verizon how does it work', 'family locator verizon app', 'family locator verizon review', 'family locator verizon login', 'family locator verizon prepaid']"
cheatcc gta 5 playstation 3,['cheatcc gta 5 playstation 3']
cheat engine 6.4,"['cheat engine 6.4', 'cheat engine 6.4 mac', 'cheat engine 6.4 no admin', 'cheat engine 6.4 roblox', 'cheat engine 6.4 apk', 'cheat engine 6.4 windows 10', 'cheat engine 6.4 borderlands 2', 'cheat engine 6.4 portable', 'cheat engine 6.4 32 bit', 'cheat engine 6.4 for android no root']"
family tracker app,"['family tracker app', 'family tracker app free', 'family tracker app reviews', 'family tracker app for iphone', 'family tracker app for android', 'family tracker app for iphone and android', 'family tracker app at&t', 'family tracker app for android and ios devices', 'family tracker app ios', 'family tracker app android source code']"
catch your spouse cheating online free,['catch your spouse cheating online free']
read someone elses text messages online free,['read someone elses text messages online free']
fallout 3 cheat weapon codes,"['fallout 3 cheat weapon codes', 'fallout 3 cheat item codes', 'fallout 3 weapon cheat codes xbox 360', 'fallout 3 cheat code item list']"
cheating quotes for him pinterest,['cheating quotes for him pinterest']
cheatcc pc witcher 3,['cheatcc pc witcher 3']
cheating boyfriend,"['cheating boyfriend', 'cheating boyfriend meme', 'cheating boyfriend quotes', 'cheating boyfriend songs', 'cheating boyfriend test', 'cheating boyfriend dream', 'cheating boyfriend prank', 'cheating boyfriend caught', 'cheating boyfriend games', 'cheating boyfriend stories']"
track my wifes phone app,"['track my wifes phone app', 'track my wifes phone app free']"
family locator verizon review,"['family locator verizon reviews', 'verizon wireless family locator review']"
best family locator app for iphone 2015,"['best family locator app for iphone 2015', 'best family locator app for android and iphone 2015']"
cheating spouse,"['cheating spouse', 'cheating spouse meme', 'cheating spouse caught', 'cheating spouse app', 'cheating spouse dream', 'cheating spouse forums', 'cheating spouse revenge reddit', 'cheating spouse investigator', 'cheating spouse quotes', 'cheating spouse tracker']"
read sms messages on ipad,"['read sms messages on ipad', 'read text messages on ipad', 'read iphone text messages on ipad', 'can you read text messages on ipad', 'app to read text messages on ipad', 'read sms on ipad 3g']"
keylogger,"['keylogger', 'keylogger software', 'keylogger detector', 'keylogger for mac', 'keylogger for iphone', 'keylogger android', 'keylogger usb', 'keylogger definition', 'keylogger virus', 'keylogger for windows 10']"
family locator app free download,"['family locator app free download', 'life360 family locator app free download']"
catch cheating spouse app iphone,"['catch cheating spouse app iphone', 'app to catch a cheating spouse iphone free']"
how to catch a cheating spouse using cell phone,"['how to catch a cheating spouse using cell phone for free', 'how to catch a cheating spouse using cell phone', 'how to catch a cheating spouse with his cell phone', 'how to catch a cheating spouse with their cell phone', 'how to catch a cheating spouse through cell phone', 'how to catch wife cheating with cell phone trace', 'how to catch a cheating wife cell phone', 'how to catch a cheating husband on his cell phone']"
spyro,"['spyro', 'spyro the dragon', 'spyro ps4', 'spyro gyra', 'spyro year of the dragon', 'spyro the dragon ps4', 'spyro remake', 'spyro dawn of the dragon', 'spyro ps1', 'spyro enter the dragonfly']"
family gps tracker free,"['family gps tracker free', 'family gps tracker free download', 'free family gps tracker app']"
catch cheating spouse cell phone free trial,['catch cheating spouse cell phone free trial']
family tracker app at&t,"['family tracker app at&t', 'family locator app at&t']"
best family tracker app for iphone and android,"['best family tracker app for iphone and android', 'best family locator app for iphone and android', 'family tracker app for iphone and android', 'family locator app for iphone and android', 'best family locator app for android and iphone 2015']"
read sms on ipad 3g,['read sms on ipad 3g']
fallout 3 cheats pc perk codes,"['fallout 3 cheats pc perk codes', 'fallout 3 cheats pc item codes', 'fallout 3 cheats pc skill points']"
cheating quotes for him in spanish,['cheating quotes for him in spanish']
is there a way to read texts online sprint,['is there a way to read texts online sprint']
cheat codes,"['cheat codes', 'cheat codes for gta 5', 'cheat codes for gta 5 ps3', 'cheat codes for gta v', 'cheat codes no promises', 'cheat codes band', 'cheat codes for sims 4', 'cheat codes for gta 4', 'cheat codes for skate 3', 'cheat codes ps4']"
cheatcc ps2,"['cheatcc ps2', 'cheatcc ps2 san andreas', 'cheatcc ps2 gta 3', 'cheatcc ps2 vice city', 'cheatcc ps2 cheats', 'cheatcc ps2 guitar hero 3', 'cheatcc ps2 guitar hero 2', 'cheatcc ps2 battlefront 2', 'cheatcc ps2 the warriors', 'cheatcc ps2 sims bustin out']"
cheat codes band,"['cheat codes band', 'cheat codes band tour', 'cheat codes band names', 'cheat codes band lead singer', 'cheat codes band merch', 'cheat codes band no promises', 'cheat codes band members ages', 'cheat codes band members names']"
read someones text messages online free,"['read someones text messages online free', 'read someone elses text messages online free', 'how do you read someones text messages online free', 'read someones sms online free']"
cheat engine 6.4 roblox,"['cheat engine 6.4 roblox', 'cheat engine 6.4 roblox hacks', 'cheat engine 6.4 roblox download', 'cheat engine 6.4 roblox robux', 'cheat engine 6.4 roblox bypass', 'cheat engine 6.4 roblox 2015', 'cheat engine 6.4 roblox robux hack', 'cheat engine 6.4 roblox noclip', 'cheat engine 6.4 roblox windows 8', 'cheat engine 6.4 roblox twisted murderer']"
cheating quotes for her,"['cheating quotes for her', 'cheating quotes for her in hindi', 'cheating quotes for her tumblr', 'cheating quotes for her tagalog', 'cheating love quotes for her', 'funny cheating quotes for her', 'cheating girlfriend quotes for her', ""i'm sorry for cheating quotes for her"", 'love quotes for her after cheating']"
catch your spouse cheating app free,['catch your spouse cheating app free']
track spouse visa application pakistan,['track spouse visa application pakistan']
read my texts online sprint,"['read my texts online sprint', 'access my texts online sprint', 'read my text messages online sprint', 'can my parents read my texts online sprint', 'can my dad read my texts online sprint']"
cheating quotes for her tagalog,['cheating quotes for her tagalog']
cheating quotes for him in hindi,['cheating quotes for him in hindi']
cheat codes for gta 5 ps3 on phone,['cheat codes for gta 5 ps3 on phone']
cheat engine 6.4 mac,"['cheat engine 6.4 mac', 'cheat engine 6.4 mac os x', 'cheat engine 6.4 mac os', 'cheat engine 6.4 for macbook pro', 'download cheat engine 6.4 for macbook', 'how to get cheat engine 6.4 on mac', 'how to use cheat engine 6.4 on mac', 'cheat engine 6.4 para mac', 'cheat engine 6.4 per mac', 'descargar cheat engine 6.4 mac']"
read text messages metropcs,"['read text messages metro pcs', 'how to check text messages metro pcs', 'read deleted text messages metropcs', 'can parents read text messages metropcs']"
cheat engine 6.4 mac os,"['cheat engine 6.4 mac os x', 'cheat engine 6.4 mac os']"
program to read iphone text messages on pc,['program to read iphone text messages on pc']
cheat codes for gta 5 ps3 for cars,"['cheat codes for gta 5 ps3 for cars', 'cheat codes for gta 5 ps3 flying cars', 'cheat codes for gta 5 ps3 all cars', 'cheat codes for gta 5 ps3 repair car', 'cheat codes for gta 5 ps3 cop car']"
how to track your girlfriends text messages for free,['how to track your girlfriends text messages for free']
read sms messages from another phone,"['read sms messages from another phone', 'read text messages from another phone', 'read text messages from another phone verizon', 'read text messages from another phone online', 'read text messages from another phone online for free', 'read text messages from another phone software', 'read another phones text messages', 'how to read text messages from another phone without installing software', 'how to read text messages from another phone without them knowing', 'how can i read text messages from another phone on my verizon account']"
free gps tracking app for iphone and android,"['free gps tracking app for iphone and android', 'best gps tracker app for iphone and android', 'gps locator app for iphone and android']"
catch your spouse cheating free app,['catch your spouse cheating free app']
dirt track girlfriend shirts,"['dirt track girlfriend shirts', 'dirt track racing girlfriend shirts']"
cheat codes for gta 5 ps3 offline,['cheat codes for gta 5 ps3 offline']
track cheating spouse car,['track cheating spouse car']
cheat codes for gta 5 ps3 unlimited ammo,['cheat codes for gta 5 ps3 unlimited ammo']
track spouse iphone,"['track spouse iphone', 'track spouse iphone text messages', 'track spouse iphone free', ""track wife's iphone"", ""track wife's iphone without her knowing"", 'track my husband iphone', 'track cheating spouse iphone', 'secretly track spouse iphone', 'how to track spouse iphone without them knowing', 'track my cheating spouse iphone']"
track girlfriend whatsapp,"['track girlfriend whatsapp', 'track my girlfriend whatsapp']"
cheat engine tables,"['cheat engine tables', 'cheat engine tables dishonored 2', 'cheat engine tables gone', 'cheat engine tables list', 'cheat engine tables dark souls 3', 'cheat engine tables reddit', 'cheat engine tables not working', 'cheat engine tables borderlands 2', 'cheat engine tables dark souls 2', 'cheat engine tables how to use']"
cheat engine for mac,"['cheat engine for mac', 'cheat engine for mac 2017', 'cheat engine for mac os sierra', 'cheat engine for mac os x', 'cheat engine for mac os', 'cheat engine for mac 10.6.8']"
sprint family locator login page web enabled,['sprint family locator login page web enabled']
cheat codes for gta 5 ps3 flying cars,['cheat codes for gta 5 ps3 flying cars']
cheat engine 6.4 for android no root,['cheat engine 6.4 for android no root']
cheat engine android,"['cheat engine android', 'cheat engine android without root', 'cheat engine android root', 'cheat engine android emulator', 'cheat engine android apk no root', 'cheat engine android games', 'cheat engine android reddit', 'cheat engine android tutorial', 'cheat engine android server', 'cheat engine android remote system']"
read texts online,"['read texts online', 'read texts online verizon', 'read texts online sprint', 'read texts online tmobile', 'read texts online iphone', 'read texts online free', 'read texts online at&t', 'read texts online metro pcs', 'read texts online android', 'read texts online boost mobile']"
track my husband car,"['track my husband car', 'how to track my husband car without him knowing', 'can my husband track my car onstar']"
spyfall,"['spyfall', 'spyfall 2', 'spyfall rules', 'spyfall locations', 'spyfall app', 'spyfall questions', 'spyfall how to play', 'spyfall 2 locations', 'spyfall review', 'spyfall app rules']"
track your girlfriend iphone app,['track your girlfriend iphone app']
family tracker app for android,"['family tracker app for android', 'family tracker app for android and ios devices', 'family tracker app for android and iphone', 'family locator app for android', 'family locator app for android reviews', 'family gps tracker app for android', 'best family tracker app for android', 'family tracker application android', 'best gps family tracker app for android', 'best family locator app for android']"
cheat codes for gta v,"['cheat codes for gta v', 'cheat codes for gta v ps4', 'cheat codes for gta v ps3', 'cheat codes for gta vice city ps2', 'cheat codes for gta v online', 'cheat codes for gta vice city', 'cheat codes for gta v for xbox 360', 'cheat codes for gta v pc', 'cheat codes for gta vice city psp', 'cheat codes for gta v for playstation 4']"
cheat codes for gta vice city,"['cheat codes for gta vice city ps2', 'cheat codes for gta vice city', 'cheat codes for gta vice city psp', 'cheat codes for gta vice city ps4', 'cheat codes for gta vice city xbox', 'cheat codes for gta vice city stories psp', 'cheat codes for gta vice city stories ps2', 'cheat codes for gta vice city android', 'cheat codes for gta vice city xbox 360', 'cheat codes for gta vice city mobile']"
sprint family locator app for iphone 6,['sprint family locator app for iphone 6']
disable family locator sprint,"['disable family locator sprint', 'disable sprint family locator iphone', 'disable sprint family locator android']"
family tracking app for iphone and android,"['family tracking app for iphone and android', 'family locator app for iphone and android', 'best family tracker app for iphone and android', 'best family locator app for iphone and android']"
read sms messages on icloud,"['read sms messages on icloud', 'can you read sms messages on icloud', 'read text messages online icloud', 'read text messages from icloud backup']"
cheat engine for mac os x,"['cheat engine for mac os x', 'cheat engine for mac os x yosemite', 'cheat engine for mac os x el capitan', 'cheat engine for mac os x free download', 'cheat engine for mac os x tutorial   download', 'cheat engine for mac os x 10.10', 'cheat engine for mac os x 10.7.5', 'cheat engine for mac os x 10.9.5', 'cheat engine for mac os x mountain lion', 'cheat engine for mac os x tutorial']"
read my text messages online sprint,"['read my text messages online sprint', 'can i read my text messages online sprint', 'can someone read my text messages online sprint', 'can my parents read my text messages online sprint', 'can i read my childs text messages online sprint', 'can i read my daughters text messages online sprint']"
cheatcc pc sims 4,['cheatcc pc sims 4']
cheat engine tables not working,['cheat engine tables not working']
windows phone read sms on pc,['windows phone read sms on pc']
cheat engine android without root,"['cheat engine android without root', 'cheat engine android without root - apkforandroids.com', 'cheat engine android no root apk', 'cheat engine android no root needed', 'cheat engine android no root gratis', 'cheat engine for android no root for clash of clans', 'cheat engine for android no root 2014', 'cara menggunakan cheat engine android no root', 'cheat engine di hp android no root']"
can parents read text messages metropcs,"['can parents read text messages metropcs', 'can my parents read my text messages metro pcs']"
cheat codes for gta vice city psp,"['cheat codes for gta vice city psp', 'cheat codes for gta vice city psp flying cars', 'cheat codes for gta vice city psp helicopter cheats', 'cheat codes for gta vice city psp vita', 'cheat codes for gta vice city psp tank', 'cheat codes for gta vice city psp jetpack', 'cheat codes for gta vice city psp 2', 'cheat codes for grand theft auto vice city psp helicopter', 'cheat codes for gta vice city stories ps2', 'cheat codes for gta vice city stories pc edition']"
how can i track my girlfriend text messages,['how can i track my girlfriend text messages']
keylogger for iphone,"['keylogger for iphone', 'keylogger for iphone free', 'keylogger for iphone 6', 'keylogger for iphone 7', 'keylogger for iphone no jailbreak', 'keylogger for iphone remote install', 'keylogger for iphone without jailbreak', 'keylogger for iphone 5', 'keylogger for iphone free trial', 'keylogger for iphone free download']"
spyro the dragon ps4,"['spyro the dragon ps4', 'spyro the dragon ps4 remaster', 'spyro the dragon ps4 2017', 'spyro the dragon ps4 download', 'spyro the dragon ps4 store', 'spyro the dragon ps4 remake', 'spyro the dragon ps4 game', 'spyro the dragon ps4 e3', 'spyro the dragon ps4 reddit']"
spy kids,"['spy kids', 'spy kids cast', 'spy kids 3', 'spy kids 2', 'spy kids 4', 'spy kids thumb', 'spy kids 3 cast', 'spy kids 2 cast', 'spy kids movies', 'spy kids 1']"
cheatcc ps2 guitar hero 3,['cheatcc ps2 guitar hero 3']
catch cheating husband cell phone,"['catch cheating husband cell phone', 'catch my husband cheating cell phone']"
keylogger virus,"['keylogger virus', 'keylogger virus download', 'keylogger virus iphone', 'keylogger virus removal', 'keylogger virus mac', 'keylogger virus definition', 'keylogger virus code', 'keylogger virus examples', 'keylogger virus android', 'keylogger virus scan']"
family tracker pro,"['family tracker pro', 'family tracker pro apk', 'family tracker pro reviews', 'family locator pro apk', 'family locator pro', 'family locator pro life360', 'family gps tracker pro', 'family gps tracker pro apk', 'family funds tracker pro', 'family tracker locate phones pro apk']"
read texts online boost mobile,['read texts online boost mobile']
read sms backup on pc,"['read sms backup on pc', 'read android sms backup on pc', 'read htc sms backup on pc', 'read sms backup file on pc', 'how to read iphone sms backup file on pc']"
catch cheating spouse with iphone 6,['catch cheating spouse with iphone 6']
samsung galaxy s3 read sms on pc,"['samsung galaxy s3 read sms on pc', 'samsung galaxy s3 read text messages on pc']"
best family locator app free,"['best family locator app free', 'family locator app free download', 'family locator app free', 'best free family locator app 2015']"
cheat engine 6.3,"['cheat engine 6.3', 'cheat engine 6.3 mac', 'cheat engine 6.3 roblox', 'cheat engine 6.3 heart of vegas', 'cheat engine 6.3 6.4', 'cheat engine 6.3 softonic', 'cheat engine 6.3 indir', 'cheat engine 6.3.0.4', 'cheat engine 6.3 portable', 'cheat engine 6.3 apk no root']"
track spouse iphone text messages,['track spouse iphone text messages']
cheating stories,"['cheating stories', 'cheating stories reddit', 'cheating stories on choices', 'cheating stories buzzfeed', 'cheating stories wattpad', 'cheating stories podcast', 'cheating stories funny', 'cheating stories yahoo', 'cheating stories that are heartbreaking', 'cheating stories with pictures']"
family tracker pro reviews,['family tracker pro reviews']
free gps tracker app,"['free gps tracker app', 'free gps tracker app for iphone', 'free gps tracker app for android', 'free gps tracking app', 'free gps tracking app for iphone', 'free gps tracking app for iphone and android', 'free gps tracking app for android phones', 'free gps tracking app for blackberry', 'free gps tracking app for ipad', 'free gps tracking app for employees']"
descargar cheat engine 6.4 mac,"['descargar cheat engine 6.4 mac', 'download cheat engine 6.4 mac', 'download cheat engine 6.4 for macbook', 'descargar cheat engine 6.4 para mac']"
spyro the dragon ps4 remaster,['spyro the dragon ps4 remastered']
fallout 3 cheat item codes,"['fallout 3 cheat item codes', 'fallout 3 console item codes stimpack', 'fallout 3 cheat code item list', 'fallout 3 console item id', 'fallout 3 console commands item codes', 'fallout 3 item codes list', 'fallout 3 item codes wiki', 'fallout 3 item codes dlc', 'fallout 3 item codes xbox 360', 'fallout 3 item codes caps']"
cheating quotes for him images,['cheating quotes for him images']
read texts out loud android,"['read texts out loud android', 'read sms out loud android', 'read text messages out loud android', 'read text out loud app for android']"
can my dad read my texts online sprint,"['can my dad read my texts online sprint', 'can my parents read my texts online sprint', 'can my parents read my text messages online sprint', 'can my parents check my texts online sprint']"
cheat engine 6.4 portable,"['cheat engine 6.4 portable', 'cheat engine 6.4 portable rar', 'cheat engine 6.4 portable no admin', 'cheat engine 6.4 portable free download', 'cheat engine 6.4 portable mega', 'cheat engine 6.4 portable vn-zoom', 'descargar cheat engine 6.4 portable', 'descargar cheat engine 6.4 portable mega', 'cheat engine 6.4 portable rus', 'cheat engine 6.4 portable full']"
family locator sprint plan,['family locator sprint plan']
read texts on computer android,"['read texts on computer android', 'read text messages on computer android']"
cheat sheet,"['cheat sheet', 'cheat sheet template', 'cheat sheet meaning', 'cheat sheet terraria', 'cheat sheet fantasy football 2017', 'cheat sheet synonym', 'cheat sheet mac', 'cheat sheet creator', 'cheat sheet for word cookies', 'cheat sheet for poker']"
cheaters,"['cheaters', 'cheaters spy shop', 'cheaters show', 'cheaters caught', 'cheaters website', 'cheaters meme', 'cheaters host', 'cheaters app', 'cheaters host stabbed', 'cheaters never prosper']"
how to track my girlfriends facebook messages,['how to track my girlfriends facebook messages']
iphone family tracker free,['iphone family tracker free']
keylogger android,"['keylogger android', 'keylogger android free', 'keylogger android apk', 'keylogger android no root', 'keylogger android reddit', 'keylogger android detect', 'keylogger android remote install', 'keylogger android tanpa root', 'keylogger android github', 'keylogger android terbaik']"
cheatcc ps2 the warriors,['cheatcc ps2 the warriors']
can my parents read my text messages online sprint,['can my parents read my text messages online sprint']
cheat engine android no root apk,"['cheat engine android no root apk download', 'cheat engine for android no root apk free download fnaf 2', 'cheat engine for android no root apk free download', 'cheat engine coc for android no root apk free download', 'cheat engine para android apk no root']"
best free family locator app for iphone,"['best free family locator app for iphone', 'free family locator app for iphone']"
cheat engine 6.3 6.4,"['cheat engine 6.3 6.4', 'cheat engine 6.3 6.4 download', 'difference between cheat engine 6.3 and 6.4', 'cheat engine 6.4 to 6.3']"
track,"['tracking number', 'tracking', 'track package', 'track flight', 'tracking usps', 'tracking ups', 'trackr', 'track and field', 'track fedex', 'tracker']"
fallout 3 cheat code item list,"['fallout 3 cheat code item list', 'fallout 3 cheats item list']"
cheat engine for mac os x tutorial,"['cheat engine for mac os x tutorial   download', 'cheat engine for mac os x tutorial']"
cheat codes for gta 4,"['cheat codes for gta 4', 'cheat codes for gta 4 xbox 360', 'cheat codes for gta 4 ps3', 'cheat codes for gta 4 xbox one', 'cheat codes for gta 4 ps4', 'cheat codes for gta 4 money', 'cheat codes for gta 4 cars', 'cheat codes for gta 4 ps3 money', 'cheat codes for gta 4 pc', 'cheat codes for gta 4 tank']"
cheating stories yahoo,"['cheating stories yahoo', 'cheating stories yahoo answers', 'funny cheating stories yahoo']"
read text messages from another phone software,"['read text messages from another phone software', 'how to read text messages from another phone without installing software']"
track spouses cell phone location,"['track spouses cell phone location', 'track my wifes cell phone location', ""how to track wife's cell phone location""]"
read another phones text messages,"['read another phones text messages free', 'read another phones text messages', 'app to read another phones text messages', 'can you read other phones text messages', 'app to read other phones text messages', 'iphone app to read another phones text messages', 'read phone text messages from computer', 'read phone text messages', 'read phone text messages on ipad', 'read phone text messages online']"
keylogger android detect,"['keylogger android detect', 'keylogger detector android', 'detectar keylogger android']"
cheat codes for gta 5 ps3 tank,"['cheat codes for gta 5 ps3 tank', 'cheat codes for gta 5 ps3 money', 'cheat codes for gta 5 ps3 army tank', 'cheat codes for gta 5 ps3 free money', 'cheat codes for gta 5 ps3 unlimited money online']"
cheating quotes in spanish,"['cheating quotes in spanish', 'cheating quotes for him in spanish']"
cheating spouse revenge reddit,['cheating spouse revenge reddit']
family gps tracker free download,['family gps tracker free download']
cheat codes for gta 5 ps3 free money,['cheat codes for gta 5 ps3 free money']
free gps tracker app for iphone,"['free gps tracker app for iphone', 'free gps tracking app for iphone', 'free gps tracking app for iphone and android', 'free gps tracking software for iphone', 'best free gps tracker app for iphone', 'best free gps tracking app for iphone', 'gps tracker app for iphone', 'gps tracker app for iphone 6', 'gps tracker app for iphone 4', 'free gps tracker for iphone']"
funny cheating quotes for her,['funny cheating quotes for her']
family tracker app for iphone and android,"['family tracker app for iphone and android', 'family locator app for iphone and android', 'best family tracker app for iphone and android', 'best family locator app for iphone and android']"
read htc sms on pc,"['read htc sms on pc', 'read htc sms backup on pc']"
can you read sms messages on icloud,"['can you read sms messages on icloud', 'can you read text messages on icloud', 'can you read deleted text messages on icloud', 'can you read someones text messages on icloud', 'can you read sms on icloud', 'can you read text messages thru icloud', 'can u read text messages through icloud', 'can you read your text messages through icloud', 'can you read deleted texts on icloud', 'can you read someones texts on icloud']"
cheat codes for gta vice city stories psp,"['cheat codes for gta vice city stories psp', 'cheat codes for gta vice city stories psp jetpack', 'cheat codes for gta vice city stories psp flying cars', 'cheat codes for gta vice city stories psp airplane', 'cheat codes for grand theft auto vice city stories psp helicopter', 'cheat codes for grand theft auto vice city stories psp go', 'cheat codes gta vice city stories psp cars drive on water', 'cheat codes gta vice city stories psp get helicopter', 'cheat codes gta vice city stories psp plane', 'tank cheat code for gta vice city stories psp']"
catch my husband cheating cell phone,"['catch my husband cheating cell phone', 'catch my husband cheating his cell phone']"
keylogger virus code,"['keylogger virus code', 'keylogger virus making']"
nokia read sms on pc,['nokia read sms on pc']
fallout 3 weapon cheat codes xbox 360,"['fallout 3 weapon cheat codes xbox 360', 'fallout 3 cheat codes xbox 360 god mode', 'fallout 3 cheat codes xbox 360 infinite ammo', 'fallout 3 cheat codes xbox 360 youtube', 'fallout 3 new vegas cheat codes xbox 360']"
software to read text messages on pc,['software to read text messages on pc']
verizon wireless family locator review,['verizon wireless family locator review']
family locator app sprint,"['family locator app sprint', 'sprint family locator app for iphone', 'sprint family locator app for android', 'sprint family locator app for ipad', 'sprint family locator app for iphone 5', 'sprint family locator app reviews', 'sprint family locator app for iphone 6', 'sprint family locator blocker app']"
cheat engine download,"['cheat engine download', 'cheat engine download windows 10', 'cheat engine download mac', 'cheat engine download android', 'cheat engine download 6.6', 'cheat engine download unblocked', 'cheat engine download 6.4', 'cheat engine download 6.7', 'cheat engine download no virus', 'cheat engine download pc']"
cheat engine 6.4 portable vn-zoom,['cheat engine 6.4 portable vn-zoom']
cheat engine 6.6,"['cheat engine 6.6', 'cheat engine 6.6 download', 'cheat engine 6.6 mac', 'cheat engine 6.6 tutorial', 'cheat engine 6.6 virus', 'cheat engine 6.6 roblox', 'cheat engine 6.6 borderlands 2', 'cheat engine 6.6 apk', 'cheat engine 6.6 dark souls 3', 'cheat engine 6.6 portable']"
how to read iphone sms backup file on pc,['how to read iphone sms backup file on pc']
keylogger for iphone remote install,['keylogger for iphone remote install']
cheatcc ps2 battlefront 2,"['cheatcc ps2 battlefront 2', 'cheatcc ps2 star wars battlefront 2']"
detectar keylogger android,"['detectar keylogger android', 'como detectar keylogger en android']"
track my girlfriend whatsapp,['track my girlfriend whatsapp']
family tracker locate phones pro apk,['family tracker locate phones pro apk']
how to track spouse iphone without them knowing,['how to track spouse iphone without them knowing']
read android text messages on pc,"['read android text messages on pc', 'android text messages on pc', 'receive android text messages on pc', 'manage android text messages on pc']"
cheat codes band lead singer,['cheat codes band lead singer']
read text messages from icloud backup,"['read text messages from icloud backup', 'access text messages from icloud backup']"
catch cheating spouse cell phone spy,"['catch cheating spouse cell phone spy', 'catch a cheating spouse cell phone spyware']"
cheat engine for mac os x tutorial   download,['cheat engine for mac os x tutorial   download']
cheat codes for gta vice city psp jetpack,"['cheat codes for gta vice city psp jetpack', 'cheat codes for gta vice city psp flying cars', 'cheat codes for gta vice city psp helicopter', 'cheat codes for gta vice city psp tank', 'cheat codes for gta vice city stories psp jetpack', 'cheat codes grand theft auto vice city psp jetpack', 'cheat codes for grand theft auto vice city stories helicopter', 'cheat codes grand theft auto vice city stories psp tank', 'cheat codes gta vice city stories psp get helicopter', 'cheat code for boat in gta vice city psp']"
family tracking sprint,"['family tracking sprint', 'sprint family locator', 'sprint family tracking plan']"
app to read text messages on ipad,['app to read text messages on ipad']
free gps locator app for iphone,"['free gps tracking app for iphone', 'free gps tracking app for iphone and android', 'free gps tracker app for iphone', 'best free gps tracking app for iphone', 'best free gps tracker app for iphone', 'gps locator app for iphone', 'gps locator app for iphone and android', 'gps tracker app for iphone 6', 'gps tracker app for iphone 4', 'gps tracking app for iphone 6']"
how to catch a cheating spouse using cell phone for free,['how to catch a cheating spouse using cell phone for free']
cheatcc ps2 san andreas,['cheatcc ps2 san andreas']
keylogger for iphone 6,"['keylogger for iphone 6', 'keylogger for iphone 6 without jailbreak', 'remote keylogger for iphone 6', 'keylogger software for iphone 6', 'keylogger iphone 6 no jailbreak', 'keylogger iphone ios 6', 'keylogger detector iphone 6', 'keylogger para iphone 6', 'keylogger cho iphone 6', 'keylogger per iphone 6']"
fallout 3 cheats pc steam,"['fallout 3 cheats pc steam', 'fallout 3 goty cheats pc steam', 'fallout 3 cheats steam version']"
cheating quotes images,"['cheating quotes images', 'cheating quotes images in tamil', 'cheating quotes images in malayalam', 'cheating boyfriend quotes images', 'love cheating quotes images', 'cheating husband quotes images', 'cheating girlfriend quotes images', 'cheating quotes funny images', 'friendship cheating quotes images', 'cheating quotes n images']"
spyro the dragon ps4 reddit,['spyro the dragon ps4 reddit']
cheatcc gta 5 ps4,['cheatcc gta 5 ps4']
family locator free apk,['family locator free apk']
cheating meme,"['cheating meme', 'cheating memes for her', 'cheating memes funny', 'cheating memes instagram', 'cheating meme 2017', 'cheating meme for him', 'cheating meme generator', 'cheating meme quotes', 'cheating memes facebook', 'cheating meme video']"
cheaters host,"['cheaters host', 'cheaters host stabbed', 'cheaters host clark gable', 'cheaters host get stabbed', 'cheaters host tommy habeeb', 'cheaters host dead', 'cheaters host stabbed youtube', 'cheaters host killed', 'cheaters host beat up', 'cheaters host gets shot']"
cheatcc pc sims 3,['cheatcc pc sims 3']
cheat codes for gta vice city xbox 360,"['cheat codes for gta vice city xbox 360', 'cheat codes for gta vice city stories for xbox 360']"
cheat codes ps4,"['cheat codes ps4', 'cheat codes ps4 gta 5', 'cheat codes ps4 san andreas', 'cheat codes ps4 crash bandicoot', 'cheat codes ps4 fallout 4', 'cheat codes ps4 2k17', 'cheat codes ps4 watch dogs 2', 'cheat codes ps4 watch dogs', 'cheat codes ps4 gta 5 online', 'cheat codes ps4 injustice 2']"
como detectar keylogger en android,"['como detectar keylogger en android', 'como detectar un keylogger en mi android']"
keylogger android reddit,['keylogger android reddit']
read texts online at&t,"['read texts online at&t', 'read my texts online at&t', 'can read texts online at&t', 'can parents read texts online at&t', 'can you read texts messages online at&t', 'can you read texts online through at&t']"
read sms texts online free,['read sms texts online free']
tracking ups,"['tracking ups', 'tracking ups freight', 'tracking ups surepost', 'tracking usps', 'tracking ups truck', 'tracking ups mail innovations', 'tracking ups without tracking number', 'tracking ups store', 'tracking ups infonotice', 'tracking ups air freight']"
can i read my text messages online sprint,"['can i read my text messages online sprint', 'can i read my childs text messages online sprint', 'can i read my daughters text messages online sprint', 'can someone read my text messages online sprint', 'can my parents read my text messages online sprint', 'read my text messages online sprint']"
cheat codes for gta 5 ps3 more ammo,['cheat codes for gta 5 ps3 more ammo']
fallout 3 cheat codes xbox 360 youtube,['fallout 3 cheat codes xbox 360 youtube']
catch your cheating spouse iphone,"['catch your cheating spouse iphone', 'catch your cheating spouse iphone app']"
cheat engine 6.4 roblox bypass,['cheat engine 6.4 roblox bypass']
family locator pro life360,['family locator pro life360']
cheat codes band members ages,['cheat codes band members ages']
cheat engine android remote system,['cheat engine android remote system']
keylogger usb,"['keylogger usb', 'keylogger usb wifi', 'keylogger usb download', 'keylogger usb software', 'keylogger usb amazon', 'keylogger usb ebay', 'keylogger usb mac', 'keylogger usb keyboard', 'keylogger usb drive', 'keylogger usb reddit']"
track my spouse visa application,"['track my spouse visa application', 'can i track my uk spouse visa application']"
best app to catch cheating spouse iphone,"['best app to catch cheating spouse iphone', 'app to catch a cheating spouse iphone free']"
cheat sheet for poker,"['cheat sheet for poker', 'cheat sheet for poker hands', 'cheat sheet for poker texas holdem', 'cheat sheet for poker hands printable', 'cheat sheet for poker hands order', 'cheat sheet for video poker', 'cheat sheet for playing poker', 'poker cheat sheet for beginners']"
life360 family locator app free download,['life360 family locator app free download']
gps locator app for iphone and android,"['gps locator app for iphone and android', 'gps tracker app for iphone and android', 'best gps tracker app for iphone and android']"
cheating boyfriend quotes pinterest,['cheating boyfriend quotes pinterest']
descargar cheat engine 6.4 portable,"['descargar cheat engine 6.4 portable', 'descargar cheat engine 6.4 portable gratis', 'download cheat engine 6.4 portable', 'free download cheat engine 6.4 portable', 'descargar cheat engine 6.4 en espanol portable', 'descargar cheat engine 6.4 portable mega', 'descargar cheat engine 6.4 portable mf', 'descargar cheat engine 6.4 portable por mega']"
fallout 3 cheat codes xbox 360 infinite ammo,['fallout 3 cheat codes xbox 360 infinite ammo']
best free family locator app 2015,['best free family locator app 2015']
keylogger android no root,"['keylogger android no root', 'android keylogger without rooting', 'best android keylogger no root', 'free android keylogger no root', 'keylogger para android no root']"
cheat engine 6.3 mac,"['cheat engine 6.3 mac', 'cheat engine 6.3 mac download', 'cheat engine 6.3 mac os x', 'cheat engine 6.3 macbook', 'cheat engine 6.3 mac os', 'mac os x cheat engine 6.3', 'cheat engine 6.3 mac os x download', 'cheat engine 6.3 for macbook air', 'cheat engine 6.3 for macbook pro', 'roblox cheat engine 6.3 mac']"
cheat codes for gta vice city stories for xbox 360,['cheat codes for gta vice city stories for xbox 360']
cheat engine for mac os x 10.10,"['cheat engine for mac os x 10.10', 'cheat engine mac os x 10.10.5', 'cheat engine mac os x yosemite 10.10']"
keylogger for iphone free download,"['keylogger for iphone free download', 'keylogger for iphone 4 free download']"
cheat sheet fantasy football 2017,"['cheat sheet fantasy football 2017', 'cheat sheet fantasy football 2017 ppr', 'cheat sheet fantasy football 2017 printable', 'cheat sheet fantasy football 2017 ppr league']"
cheat engine 6.4 portable rar,['cheat engine 6.4 portable rar']
cheat engine tables list,['cheat engine tables list']
track cheating spouse iphone,"['track cheating spouse iphone', 'track my cheating spouse iphone']"
fallout 3 console commands item codes,"['fallout 3 console commands item codes', 'fallout 3 console commands item codes stimpack', 'fallout 3 console commands item id', 'fallout 3 new vegas console commands item codes', 'fallout 3 console commands get item id']"
can my husband track my car onstar,['can my husband track my car onstar']
family tracker application android,"['family tracker application android', 'family tracker app android', 'family tracker app android iphone', 'best family tracker app android', 'family phone tracker app android', 'family tracker app for android and ios devices', 'gps family tracker app android', 'family location tracker app android']"
family location tracker app android,"['family location tracker app android', 'family tracker app android', 'family tracker app android iphone', 'family tracking apps android market']"
spyro year of the dragon,"['spyro year of the dragon', 'spyro year of the dragon rom', 'spyro year of the dragon walkthrough', 'spyro year of the dragon cheats', 'spyro year of the dragonfly', 'spyro year of the dragon ps4', 'spyro year of the dragon ps2', 'spyro year of the dragon ps1', 'spyro year of the dragon cheat codes', 'spyro year of the dragon ps3']"
spy kids 3,"['spy kids 3', 'spy kids 3 cast', 'spy kids 3 game over', 'spy kids 3 full movie']"
cheat engine for mac os x free download,"['cheat engine for mac os x free download', 'cheat engine 6.1 free download for mac os x']"
friendship cheating quotes images,['friendship cheating quotes images']
cheat codes for gta 4 xbox 360,"['cheat codes for gta 4 xbox 360', 'cheat codes for gta 4 xbox 360 for guns', 'cheat codes for gta 4 xbox 360 tank', 'cheat codes for gta 4 xbox 360 the ballad of gay tony', 'cheat codes for gta 4 xbox 360 unlimited money', 'cheat codes for gta 4 xbox 360 boat', 'cheat codes for gta 4 xbox 360 parachute', 'cheat codes for gta 4 xbox 360 motorcycle', 'cheat codes for gta 4 xbox 360 lamborghini', 'cheat codes for gta 4 xbox 360 flying cars']"
cheat engine 6.6 tutorial,"['cheat engine 6.6 tutorial', 'cheat engine 6.6 tutorial step 6']"
cheatcc ps2 sims bustin out,['cheatcc ps2 sims bustin out']
fallout 3 cheats item list,"['fallout 3 cheats item list', 'fallout 3 cheats add item list', 'fallout 3 cheat code item list', 'fallout 3 cheats weapons list']"
cheating love quotes for her,"['cheating love quotes for her', 'love quotes for her after cheating']"
cheat engine 6.3 for macbook pro,['cheat engine 6.3 for macbook pro']
cheat codes for gta 4 xbox 360 parachute,"['cheat codes for gta 4 xbox 360 parachute', 'cheat codes for gta iv xbox 360 parachute', 'cheat codes for gta 4 xbox 360 money', 'cheat codes for gta 4 xbox 360 jetpack', 'cheat codes for gta 4 xbox 360 tank', 'cheat codes for gta 4 xbox 360 unlimited money', 'cheat codes for grand theft auto 4 xbox 360 army tank', 'cheat codes gta iv xbox 360 jetpack']"
cheat engine 6.4 portable full,['cheat engine 6.4 portable full']
spyro remake,"['spyro remake', 'spyro remake ps4', 'spyro remake confirmed', 'spyro remake 2018', 'spyro remake release date', 'spyro remake reddit', 'spyro remake e3', 'spyro remake unreal 4', 'spyro remake xbox one', 'spyro remake trilogy']"
cheat sheet synonym,"['cheat sheet synonym', 'cheat sheet thesaurus', 'define cheat sheet synonym']"
fallout 3 console commands get item id,"['fallout 3 console commands get item id', 'fallout 3 console commands item id']"
spyro gyra,"['spyro gyra', 'spyro gyra blue note', 'spyro gyra tour', 'spyro gyra youtube', 'spyro gyra shaker song', 'spyro gyra catching the sun', 'spyro gyra songs', 'spyro gyra jamesport', 'spyro gyra live', 'spyro gyra carnaval']"
cheat sheet fantasy football 2017 ppr,"['cheat sheet fantasy football 2017 ppr', 'cheat sheet fantasy football 2017 ppr league']"
read sms on pc iphone,"['read sms on pc iphone', 'read iphone sms.db on pc']"
cheat sheet mac,"['cheat sheet mac', 'cheat sheet machine learning', 'cheat sheet mac commands', 'cheat sheet mac keyboard shortcuts', 'cheat sheet mac shortcuts', 'cheat sheet mac terminal', 'cheat sheet machine learning medium']"
catch a cheating spouse cell phone spyware,"['catch a cheating spouse cell phone spyware', 'catch cheating spouse cell phone spy']"
track spouse visa application,"['track spouse visa application uk', 'track spouse visa application canada', 'track spouse visa application pakistan', 'track spouse visa application australia', 'track my spouse visa application', 'track australian spouse visa application', 'track your spouse visa application', 'fast track spouse visa application', 'how to track spouse visa application status for australia', 'how to track spouse visa application 2015']"
gps tracker app for iphone and android,"['gps tracker app for iphone and android', 'best gps tracker app for iphone and android', 'gps tracker app for android and ios', 'best gps tracker for iphone and android', 'gps tracker for both iphone and android']"
track spouses text messages,"['track spouses text messages', 'track spouses text messages free', 'track husbands text messages for free', 'track cheating spouse text messages', 'track spouse iphone text messages', 'track my wifes text messages', 'track my husbands text messages free', 'apps to track spouses text messages', 'track my wifes text messages for free']"
can my parents read my text messages metro pcs,[]
read android sms backup on pc,"['read android sms backup on pc', 'android sms backup on pc']"
family tracker app ios,"['family tracker app ios', 'family locator app ios', 'family tracker app iphone', 'family tracker app iphone and android', 'family tracker app store', 'family locator app iphone', 'family locator app iphone android', 'family locator app store', 'family locator app apple', 'best family tracker app iphone']"
can you read text messages on icloud,"['can you read text messages on icloud', 'can you read deleted text messages on icloud', 'can you read someones text messages on icloud', 'can you read text messages online icloud', 'can you read text messages thru icloud', 'can u read text messages through icloud', 'can you read your text messages through icloud', 'can you read other peoples text messages through icloud', 'can you access old text messages through icloud', 'can i access text messages on icloud']"
cheat engine for mac os x mountain lion,['cheat engine for mac os x mountain lion']
can read texts online at&t,"['can read texts online at&t', 'can parents read texts online at&t', 'can you read texts messages online at&t', 'can you read texts online through at&t', 'read texts online at&t']"
cheating boyfriend test,"['cheating boyfriend test', 'cheating boyfriend test free', 'cheating boyfriend test find out if', 'ultimate cheating boyfriend test', 'discover the cheating boyfriend test', 'signs of cheating boyfriend test', 'is my boyfriend cheating test', 'is your boyfriend cheating test']"
track spouse phone,"['track spouse phone', 'track spouse phone location', 'track spouse phone without them knowing', 'track spouse phone messages', 'track spouse phone calls', 'track activity on spouses phone', 'track spouse phone app', ""track wife's phone"", 'track my husband phone for free', 'track wifes phone free']"
blackberry read sms on pc,['blackberry read sms on pc']
cheat engine dark souls 3,"['cheat engine dark souls 3', 'cheat engine dark souls 3 ban', 'cheat engine dark souls 3 tutorial', 'cheat engine dark souls 3 guide', 'cheat engine dark souls 3 ps4', 'cheat engine dark souls 3 scripts', 'cheat engine dark souls 3 item list', 'cheat engine dark souls 3 1.14', 'cheat engine dark souls 3 spawn items', 'cheat engine dark souls 3 infinite health']"
spyro year of the dragonfly,"['spyro year of the dragonfly', 'spyro year of the dragonfly cheats', 'spyro year of the dragonfly walkthrough', 'spyro year of the dragonfly review', 'spyro year of the dragonfly iso', 'spyro enter the dragonfly ps2', 'spyro enter the dragonfly review', 'spyro enter the dragonfly gamecube', 'spyro enter the dragonfly cloud 9', 'spyro enter the dragonfly cheats gamecube']"
can u read text messages through icloud,"['can u read text messages through icloud', 'can you read text messages through icloud', 'can you read someones text messages through icloud', 'can you read your text messages through icloud', 'can you read other peoples text messages through icloud', 'can you read text messages online with icloud', 'can you access old text messages through icloud', 'can you read text messages thru icloud']"
cheating quotes for her in hindi,['cheating quotes for her in hindi']
cheat engine tables gone,['cheat engine tables gone']
cheat engine 6.3 roblox,"['cheat engine 6.3 roblox', 'cheat engine 6.3 roblox download', 'cheat engine 6.3 roblox codes', 'cheat engine 6.3 roblox apocalypse rising', 'cheat engine 6.3 roblox hacks', 'cheat engine 6.3 bypass roblox', 'roblox cheat engine 6.3 robux hack', 'roblox cheat engine 6.3 free download', 'roblox cheat engine 6.3 robux', 'roblox cheat engine 6.3 god mode']"
funny cheating stories yahoo,['funny cheating stories yahoo']
how to catch a cheating wife cell phone,"['how to catch a cheating wife cell phone', 'how to catch a cheating spouse cell phone', 'how to catch a cheating spouse using cell phone', 'how to catch a cheating spouse using cell phone for free', 'how to catch a cheating spouse through cell phone', 'how to catch a cheating spouse with his cell phone', 'how to catch wife cheating with cell phone trace', 'how to catch a cheating boyfriend cell phone', 'how to catch my wife cheating on her cell phone', 'how to catch a cheating husband on his cell phone']"
spyro enter the dragonfly,"['spyro enter the dragonfly', 'spyro enter the dragonfly cheats', 'spyro enter the dragonfly gamecube', 'spyro enter the dragonfly ps2', 'spyro enter the dragonfly walkthrough', 'spyro enter the dragonfly review', 'spyro enter the dragonfly iso', 'spyro enter the dragonfly speedrun', 'spyro enter the dragonfly gamecube iso', 'spyro enter the dragonfly kite']"
family locator pro,"['family locator pro apk', 'family locator pro', 'family locator pro life360', 'family locator program', 'verizon family locator problems', 'sprint family locator problems', 'life360 family locator problems', 'sygic family locator pro apk', 'download family locator pro apk', 'sprint family locator iphone problems']"
keylogger usb amazon,['keylogger usb amazon']
free gps tracking app,"['free gps tracking app', 'free gps tracking app for iphone', 'free gps tracking apps for android', 'free gps tracking app for employees', 'free gps tracking app for android and iphone', 'free gps tracking app for android phones', 'free gps tracker app', 'free gps tracker app for iphone', 'free gps tracker app for iphone and android', 'free gps locator app for android']"
cheat codes for gta v online,"['cheat codes for gta v online', 'cheat codes for gta v online ps4', 'cheat codes for gta v online ps3', 'cheat codes for gta v online for xbox 360', 'money cheat for gta v online', 'money cheat for gta v online ps3', 'money cheat for gta v online ps4', 'money cheats for gta v online xbox one', 'cheat codes for grand theft auto 5 online xbox 360']"
cheat sheet terraria,"['cheat sheet terraria', 'cheat sheet terraria install']"
how to catch a cheating husband on cell phone,"['how to catch a cheating husband on cell phone', 'how to catch a cheating husband on his cell phone']"
cheating quotes n images,['cheating quotes n images']
cheat engine tables reddit,['cheat engine tables reddit']
cheat codes for gta 4 xbox 360 unlimited money,"['cheat codes for gta 4 xbox 360 unlimited money', 'cheats for gta 4 xbox 360 unlimited money']"
keylogger usb keyboard,"['keylogger usb keyboard', 'usb keylogger wireless keyboard']"
gps tracking app for iphone,"['gps tracking app for iphone', 'gps tracking app for iphone and android', 'gps tracking app for iphone 6', 'gps tracking app for iphone free', 'gps tracking app for iphone review', 'gps tracking app for iphone 3g', 'gps tracker app for iphone 6', 'gps tracker app for iphone 4', 'gps locator app for iphone and android', 'gps tracking software for iphone 5']"
gps locator app for iphone,"['gps locator app for iphone', 'gps locator app for iphone and android', 'gps tracker app for iphone and android', 'gps tracker app for iphone 6', 'gps tracker app for iphone 4', 'gps tracking app for iphone 6', 'gps tracking app for iphone free', 'gps tracking app for iphone review', 'gps tracking app for iphone 3g', 'free gps locator app for iphone']"
cheat codes for gta 5 ps3 unlimited money online,['cheat codes for gta 5 ps3 unlimited money online']
cheat codes gta vice city stories psp plane,"['cheat codes gta vice city stories psp plane', 'cheat codes gta vice city stories psp jetpack', 'cheat codes gta vice city stories psp helicopter', 'cheat codes gta vice city stories psp airplane', 'cheat codes gta vice city stories psp get helicopter']"
cheating spouse tracker,"['cheating spouse tracker', 'cheating spouse tracker app', 'cheating spouse tracking app', 'cheating spouse tracking software', 'cheating spouse spy equipment', 'cheating spouse spy gear', 'cheating spouse spy', 'cheating spouse spy gadgets', 'cheating spouse spy devices', 'cheating spouse phone tracker']"
cheat engine 6.4 para mac,"['cheat engine 6.4 para mac', 'descargar cheat engine 6.4 para mac']"
cheat engine android no root gratis,['cheat engine android no root gratis']
cheat codes for gta vice city psp flying cars,['cheat codes for gta vice city psp flying cars']
family funds tracker pro,['family funds tracker pro']
catch your cheating spouse iphone app,['catch your cheating spouse iphone app']
cheat engine 6.3 macbook,"['cheat engine 6.3 macbook', 'cheat engine 6.3 apple', 'cheat engine 6.3 for macbook air', 'cheat engine 6.3 for macbook pro']"
cancel family locator sprint,"['cancel family locator sprint', 'disable family locator sprint']"
can i read my childs text messages online sprint,['can i read my childs text messages online sprint']
cheat codes for gta 4 xbox one,['cheat codes for gta 4 xbox one']
sprint family tracking plan,['sprint family tracking plan']
free gps tracker app for android,"['free gps tracker app for android', 'free gps tracking app for android and iphone', 'free gps tracking app for android phones', 'free gps tracking software for android', 'free gps tracking software for android phones', 'best free gps tracker app for android', 'free cell phone gps tracking app for android', 'free download gps tracking software for android tablet', 'free download gps tracking software for android', 'gps tracker app for android']"
cheating husband quotes pinterest,['cheating husband quotes pinterest']
cheating meme for him,['cheating meme for him']
family locator free download,"['family locator free download', 'family locator app free download', 'family locator apk free download', 'sprint family locator free download', 'locator font family free download', 'life360 family locator app free download', 'free download family locator 360']"
catch cheating spouse iphone app,"['catch cheating spouse iphone app', 'app to catch a cheating spouse iphone free']"
fallout 3 pc cheats weapon condition,['fallout 3 pc cheats weapon condition']
cheat engine 6.4 roblox windows 8,['cheat engine 6.4 roblox windows 8']
cheating stories yahoo answers,['cheating stories yahoo answers']
cheating spouse forums,"['cheating spouse forums', 'cheating spouse forum how to spot', 'cheating spouse support forums']"
spy stock,"['spy stock', 'spy stock price', 'spy stocktwits', 'spy stock price today', 'spy stock quote', 'spy stock chart', 'spy stock options', 'spy stock google', 'spy stock holdings', 'spy stock dividend']"
sprint family locator free download,['sprint family locator free download']
family tree tracker free,"['family tree tracker free', 'family tree trace free', 'family tree trace online free', 'free family tree tracker uk', 'free online family tree tracker']"
track girlfriends period,"['track girlfriends period', 'track girlfriends period app', 'track your girlfriends period', 'track your girlfriends period app', 'keep track of girlfriends period', 'android app to track girlfriends period']"
family tracker app for android and ios devices,['family tracker app for android and ios devices']
family tracking app for iphone,"['family tracking app for iphone', 'family tracking app for iphone and android', 'family tracker app for iphone', 'family locator app for iphone', 'family locator app for iphone and android', 'best family tracker app for iphone and android', 'free family tracker app for iphone', 'best family locator app for iphone', 'sprint family locator app for iphone', 'verizon family locator app for iphone']"
track girlfriend location,"['track girlfriend location', 'track my girlfriend location', 'track girlfriend iphone location', 'app to track girlfriend location']"
family locator apk free download,"['family locator apk free download', 'family tracker apk free download', 'free download donde esta family locator.apk']"
android keylogger without rooting,['android keylogger without rooting']
cheats for gta 4 xbox 360 unlimited money,"['cheats for gta 4 xbox 360 unlimited money', 'cheat codes for gta 4 xbox 360 unlimited money']"
descargar cheat engine 6.4 portable por mega,['descargar cheat engine 6.4 portable por mega']
how to catch my wife cheating on her cell phone,['how to catch my wife cheating on her cell phone']
spyro ps1,"['spyro ps1', 'spyro ps1 rom', 'spyro ps1 games', 'spyro ps1 cheats', 'spyro ps1 for sale', 'spyro ps1 games for sale', 'spyro ps1 controls', 'spyro ps1 amazon', 'spyro ps1 model', 'spyro ps1 ebay']"
cheat codes for gta vice city ps4,['cheat codes for gta vice city ps4']
can my parents read my texts online sprint,"['can my parents read my texts online sprint', 'can my parents read my text messages online sprint', 'can my parents check my texts online sprint']"
cheat engine coc for android no root apk free download,['cheat engine coc for android no root apk free download']
cheat codes for gta 4 tank,"['cheat codes for gta 4 tank', 'cheat codes for gta 4 tank ps3', 'cheat codes gta 4 tank xbox 360', 'cheat codes for grand theft auto 4 xbox 360 army tank', 'tank cheat code for gta 4 pc', 'cheats for gta 4 tank xbox 360', 'army tank cheat code for gta 4 ps3', 'cheat codes for grand theft auto 4 how to get a tank']"
catch my husband cheating his cell phone,"['catch my husband cheating his cell phone', 'catch my husband cheating cell phone']"
cheaters host beat up,"['cheaters host beat up', 'cheaters host gets beat up']"
spyro remake e3,['spyro remake e3']
best family locator app for android and iphone 2015,['best family locator app for android and iphone 2015']
track wife's iphone,"[""track wife's phone"", ""track wife's iphone"", ""track wife's phone location"", ""track wife's iphone without her knowing"", ""track my wife's iphone"", 'track your wife iphone', 'track cheating wife iphone', 'how to track my wifes iphone location', ""how to track wife's iphone 5"", 'track wife with find my iphone']"
cheat engine 6.4 per mac,"['cheat engine 6.4 per mac', 'cheat engine 6.4 for mac', 'cheat engine 6.4 for macbook', 'cheat engine 6.4 for macbook pro', 'download cheat engine 6.4 for macbook', 'cheat engine 6.4 mac os x', 'cheat engine 6.4 mac os']"
can my parents check my texts online sprint,"['can my parents check my texts online sprint', 'can my parents read my texts online sprint', 'can my parents read my text messages online sprint']"
cheaters never prosper,"['cheaters never prosper', 'cheaters never prosper meme', 'cheaters never prosper pt 3', 'cheaters never prosper quote', 'cheaters never prosper trivia', 'cheaters never prosper sleeping dogs', 'cheaters never prosper essay', 'cheaters never prosper book', 'cheaters never prosper fantasy football', 'cheaters never prosper major crimes']"
cheating memes facebook,['cheating memes facebook']
family gps tracker app for android,"['family gps tracker app for android', 'best gps family tracker app for android', 'best gps family tracking app for android', 'gps family tracker apps android market', 'family gps tracker for android and iphone', 'family gps tracker for android 2.1']"
tracking ups store,"['tracking ups store', 'tracking ups store ogdensburg', 'ups tracking store locations', 'tracking number ups store', 'usps tracking ups store', 'ups tracking mobile store', ""ups store tracking number doesn't work"", 'ups store tracking receipt id', 'ups store tracking phone number', 'ups store tracking number not found']"
cheat engine 6.3 for macbook air,['cheat engine 6.3 for macbook air']
read texts from another phone free,"['read texts from another phone free', 'read sms from another phone free', 'read another phones text messages free', 'read text messages from another phone online for free']"
family locator app ios,"['family locator app ios', 'family locator app iphone', 'family locator app iphone android', 'family locator app apple', 'family tracking app iphone', 'free family locator app iphone', 'best family locator app iphone', 'family locator app verizon iphone', 'sprint family locator app iphone', 'best family locator app for ios']"
cheating spouse meme,['cheating spouse meme']
cheat codes for gta 5 ps3 cop car,['cheat codes for gta 5 ps3 cop car']
android text messages on pc,"['android text messages on pc', 'read android text messages on pc', 'receive android text messages on pc', 'manage android text messages on pc', 'android text messages backup to pc', 'how to block text messages on android metro pcs', 'how to find text messages on android from pc']"
cheat engine 6.4 roblox download,"['cheat engine 6.4 roblox download', 'cheat engine 6.4 free download roblox', 'speed hack roblox cheat engine 6.4 download']"
cheat engine tables borderlands 2,"['cheat engine tables borderlands 2', 'technojacker cheat engine table borderlands 2', 'how to use cheat engine table borderlands 2', 'cheat engine borderlands 2 table steam']"
cheaters never prosper fantasy football,['cheaters never prosper fantasy football']
cheat engine 6.4 portable no admin,['cheat engine 6.4 portable no admin']
cheat engine 6.4 mac os x,['cheat engine 6.4 mac os x']
cheat sheet mac keyboard shortcuts,"['cheat sheet mac keyboard shortcuts', 'eclipse mac keyboard shortcuts cheat sheet', 'photoshop cs6 keyboard shortcuts cheat sheet mac']"
cheat codes gta vice city stories psp cars drive on water,['cheat codes gta vice city stories psp cars drive on water']
can you read texts online sprint,"['can you read texts online sprint', 'how to read texts online sprint', 'can parents read texts online sprint', 'if you have sprint can you read your texts online']"
track spouse phone location,"['track spouse phone location', 'track spouse cell phone location', 'track my wifes phone location', ""track wife's cell phone location""]"
can you read your text messages through icloud,"['can you read your text messages through icloud', 'can you access your text messages through icloud', 'can someone read your text messages through icloud']"
android app to track girlfriends period,['android app to track girlfriends period']
spyro ps1 controls,"['spyro ps1 controls', 'spyro the dragon controls', 'spyro ps1 cheats', 'spyro ps1 cheats year dragon']"
fallout 3 cheats weapons list,"['fallout 3 cheats weapons list', 'fallout 3 cheats list', 'fallout 3 cheats list pc']"
keylogger software,"['keylogger software', 'keylogger software for mac', 'keylogger software download', 'keylogger software for android', 'keylogger software for iphone', 'keylogger software for windows', 'keylogger software reviews', 'keylogger software for windows 7', 'keylogger software detection', 'keylogger software for windows 10']"
catch cheating girlfriend,"['catch cheating girlfriend', 'catch cheating girlfriend app', 'catch cheating girlfriend signs', 'catch cheating girlfriend iphone', 'catch cheating girlfriend facebook', 'catch girlfriend cheating text messages', 'catch girlfriend cheating cell phone', 'catch girlfriend cheating snapchat', 'catch girlfriend cheating app free', 'guy catch girlfriend cheating']"
best family tracker app for iphone,"['best family tracker app for iphone', 'best family tracker app for iphone and android', 'best family locator app for iphone', 'best family locator app for iphone 2015', 'best family locator app for ios', 'best family locator app for android and iphone 2015', 'family tracker app for iphone and android', 'family tracker app for iphone', 'free family tracker app for iphone', 'family locator app for iphone']"
cheaters app,"['cheaters app', 'cheaters apps reviews', 'cheaters app on shark tank', 'cheaters app for android free', 'cheaters app iphone', 'cheaters app for android', 'cheaters app for iphone free', 'cheaters app free', 'cheaters application']"
family locator verizon login,"['family locator verizon login', 'family locator verizon sign in', 'verizon family locator login page', 'my verizon family locator login']"
can you read text messages through icloud,"['can you read text messages through icloud', 'can u read text messages through icloud', 'can you read someones text messages through icloud', 'can you read your text messages through icloud', 'can you read other peoples text messages through icloud', 'can you read text messages online with icloud', 'can you access old text messages through icloud', 'can you read text messages thru icloud', 'can i access text messages through icloud']"
sygic family locator pro apk,['sygic family locator pro apk']
cheat codes for gta v online ps4,"['cheat codes for gta v online ps4', 'money cheat for gta v online ps4']"
free cell phone gps tracking app for android,['free cell phone gps tracking app for android']
catch girlfriend cheating text messages,['catch girlfriend cheating text messages']
read sms on pc android,"['read sms on pc android', 'read android sms backup on pc']"
cheat codes for gta 5 ps3 all cars,"['cheat codes for gta 5 ps3 all cars', 'cheat codes for gta 5 ps3 cars', 'cheat codes for gta 5 ps3 flying cars', 'cheat codes for gta 5 ps3 repair car', 'cheat codes for gta 5 ps3 cop car']"
track your spouse visa application,['track your spouse visa application']
cheat engine for mac 10.6.8,['cheat engine for mac 10.6.8']
dirt track racing girlfriend shirts,['dirt track racing girlfriend shirts']
cheaters spy shop,"['cheaters spy shop', 'cheaters spy shop gps trackers', 'cheatersspyshop cell phone monitoring', 'cheaters spy shop free', 'cheaters spy shop app', 'cheatersspyshop catch cheating husband wife', 'cheatersspyshop reviews', 'cheatersspyshop cheaters merch', 'cheatersspyshop catch cheating', 'cheaters spy shop deleted text']"
cheating quotes for him in telugu,['cheating quotes for him in telugu']
cheaters never prosper quote,"['cheaters never prosper quote', 'cheaters never prosper quote origin', 'quotes like cheaters never prosper']"
catch cheating girlfriend app,"['catch cheating girlfriend app', 'catch girlfriend cheating app free']"
cheat sheet for word cookies,"['cheat sheet for word cookies', 'cheat sheet for word cookies game', 'cheat sheet for word cookies banana', 'cheat sheet for word cookies vanilla 17', 'cheat sheet for word cookies rose', 'cheat sheet for word cookies special level', 'cheat sheet for word cookies cinnamon', 'cheat sheet for word cookies chocolate', 'cheat sheet for word cookies red velvet', 'cheat sheet for word cookies caramel']"
read texts on computer,"['read texts on computer', 'read texts on computer android', 'read texts on computer iphone', 'read texts on computer verizon', 'read texts on computer sprint', 'read texts on computer at&t', 'read texts on computer blackberry', 'read phone texts on computer', 'read samsung texts on computer', 'read old iphone texts on computer']"
spyderco,"['spyderco', 'spyderco paramilitary 2', 'spyderco tenacious', 'spyderco sharpmaker', 'spyderco delica 4', 'spyderco manix 2', 'spyderco endura', 'spyderco paramilitary 3', 'spyderco dragonfly 2', 'spyderco dragonfly']"
cheat engine dark souls 3 infinite health,['cheat engine dark souls 3 infinite health']
keylogger for iphone 5,"['keylogger for iphone 5', 'keylogger for iphone 5 without jailbreak', 'keylogger for iphone 5 free', 'best keylogger for iphone 5', 'keylogger app for iphone 5', 'keylogger para iphone 5', 'keylogger cho iphone 5', 'keylogger para iphone 5c', 'keylogger fur iphone 5', 'keylogger per iphone 5s']"
sprint family locator review iphone,['sprint family locator review iphone']
can i track my uk spouse visa application,['can i track my uk spouse visa application']
cheat engine 6.4 for macbook pro,['cheat engine 6.4 for macbook pro']
spy kids thumb,"['spy kids thumb', 'spy kids thumb people']"
cheat sheet for poker hands,"['cheat sheet for poker hands', 'cheat sheet for poker hands printable', 'cheat sheet for poker hands order']"
cheat codes for gta v online for xbox 360,"['cheat codes for gta v online for xbox 360', 'cheat codes for grand theft auto 5 online for xbox 360']"
read sms messages on computer,"['read sms messages on computer', 'read text messages on computer', 'read text messages on computer iphone', 'read text messages on computer android', 'read text messages on computer verizon', 'read text messages on computer at&t', 'read text messages on computer t mobile', 'read text messages on computer from phone', 'sprint read text messages on computer', 'read text messages on your computer']"
best free gps tracker app for iphone,"['best free gps tracker app for iphone', 'best free gps tracking app for iphone', 'best free gps phone tracking app for iphone', 'free gps tracker app for iphone', 'free gps tracker app for iphone and android', 'free gps tracking app for iphone', 'free gps tracking software for iphone']"
best family locator app for iphone,"['best family locator app for iphone', 'best family locator app for iphone 2015', 'best family locator app for ios', 'best family locator app for android and iphone 2015', 'family locator app for iphone', 'family locator apps for iphone and android', 'sprint family locator app for iphone', 'verizon family locator app for iphone', 'sprint family locator app for iphone 5', 'free family locator app for iphone']"
cheat codes grand theft auto vice city psp jetpack,"['cheat codes grand theft auto vice city psp jetpack', 'cheat codes grand theft auto vice city psp flying cars', 'cheat codes grand theft auto vice city psp helicopter', 'cheat codes for psp grand theft auto vice city stories jetpack', 'cheat codes grand theft auto vice city stories psp tank', 'grand theft auto vice city stories jetpack cheat code', 'grand theft auto vice city psp cheat codes tank', 'grand theft auto vice city psp boat cheat code', 'grand theft auto vice city stories helicopter cheat codes for ps2']"
read text messages out loud android,"['read text messages out loud android', 'read text messages aloud android', 'android app to read text messages out loud']"
spyro the dragon ps4 remake,['spyro the dragon ps4 remake']
spyfall app,"['spyfall app', 'spyfall app rules', 'spyfall app game', 'spyfall app android', 'spyfall app store', 'spyfall app download', 'spyfall apple', 'spyfall app review', 'spyfall apple and android']"
catch cheating spouse app free,"['catch cheating spouse app free', 'catch your spouse cheating app free', 'free iphone app to catch cheating spouse']"
spy camera,"['spy camera', 'spy camera wifi', 'spy camera app', 'spy camera for cars', 'spy camera pen', 'spy camera glasses', 'spy camera charger', 'spy camera for home', 'spy camera amazon', 'spy camera detector']"
cheat engine 6.3 portable,"['cheat engine 6.3 portable', 'cheat engine 6.3 portable mega', 'cheat engine 6.3 portable descargar', 'descargar cheat engine 6.3 portable mega', 'cheat engine 6.3 cs portable', 'cheat engine 6.3 portable espanol', 'cheat engine 6.3 portable mf', 'cheat engine 6.3 full portable', 'descargar cheat engine 6.3 gratis portable']"
cheat engine 6.3 roblox hacks,['cheat engine 6.3 roblox hacks']
cheat codes for gta v online ps3,"['cheat codes for gta v online ps3', 'money cheat for gta v online ps3']"
fallout 3 console commands item codes stimpack,['fallout 3 console commands item codes stimpack']
cheaters never prosper book,['cheaters never prosper book']
cheat sheet for poker texas holdem,"['cheat sheet for poker texas holdem', 'cheat sheet for texas holdem', 'texas hold em hands cheat sheet']"
catch cheating girlfriend iphone,"['catch cheating girlfriend iphone', 'app to catch cheating girlfriend iphone']"
best free gps tracker app for android,"['best free gps tracker app for android', 'free gps tracker app for android', 'free gps tracking app for android and iphone', 'free gps tracking app for android phones', 'free gps tracking software for android', 'free gps tracking software for android phones', 'best free gps tracking android']"
cheat codes for gta vice city stories pc edition,['cheat codes for gta vice city stories pc edition']
family locator app iphone,"['family locator app iphone', 'family locator app iphone android', 'family tracking app iphone', 'family locator app ios', 'free family locator app iphone', 'best family locator app iphone', 'family locator app verizon iphone', 'sprint family locator app iphone', 'family tracking app for iphone and android', 'life360 family locator iphone app']"
family phone tracker free,"['family phone tracker free', 'family cell phone tracker free']"
spyro dawn of the dragon,"['spyro dawn of the dragon', 'spyro dawn of the dragon cheats', 'spyro dawn of the dragon ps3', 'spyro dawn of the dragon xbox 360', 'spyro dawn of the dragon ps2', 'spyro dawn of the dragon ds', 'spyro dawn of the dragon wii', 'spyro dawn of the dragon cheats wii', 'spyro dawn of the dragon ps4', 'spyro dawn of the dragon cheats ps2']"
cheat engine android without root - apkforandroids.com,['cheat engine android without root - apkforandroids.com']
cheaters spy shop gps trackers,['cheaters spy shop gps trackers']
read texts on computer at&t,['read texts on computer at&t']
read text messages online icloud,"['read text messages online icloud', 'check text messages online icloud']"
spyderco paramilitary 3,"['spyderco paramilitary 3', 'spyderco paramilitary 3 review', 'spyderco paramilitary 3 for sale', 'spyderco paramilitary 3 black blade', 'spyderco paramilitary 3 scales', 'spyderco paramilitary 3 sprint run', 'spyderco paramilitary 3 cruwear', 'spyderco paramilitary 3 camo', 'spyderco paramilitary 3 s110v', 'spyderco paramilitary 3 amazon']"
track cheating spouse app,"['track cheating spouse app', 'gps tracking cheating spouse app', 'track cheating spouse cell phone app', 'track cheating spouse cell phone free app', 'free app to track cheating spouse', 'android app to track cheating spouse']"
free download donde esta family locator.apk,[]
track my wifes cell phone location,"[""track my wife's cell phone location free"", 'track my wifes cell phone location', 'can i track my wifes cell phone location']"
cheating stories buzzfeed,['cheating stories buzzfeed']
cheat codes for gta vice city psp helicopter cheats,['cheat codes for gta vice city psp helicopter cheats']
cheat codes for gta 5 ps3 money,"['cheat codes for gta 5 ps3 money', 'cheat codes for grand theft auto 5 ps3 money', 'cheat codes for gta 5 ps3 infinite money', 'cheat codes for gta 5 ps3 free money', 'cheat codes for gta 5 ps3 unlimited money online']"
tank cheat code for gta vice city stories psp,"['tank cheat code for gta vice city stories psp', 'helicopter cheat code for gta vice city stories psp', 'cheat code boat gta vice city stories psp', 'cheat codes grand theft auto vice city stories psp tank', 'cheat code unlock helicopter gta vice city stories psp', 'cheat codes gta vice city stories psp get helicopter']"
track girlfriend period app,"['track girlfriend period app', 'android app to track girlfriends period']"
spyro dawn of the dragon ps3,"['spyro dawn of the dragon ps3', 'spyro dawn of the dragon ps3 cheats', 'spyro dawn of the dragon ps3 for sale', 'spyro dawn of the dragon ps3 ebay', 'spyro dawn of the dragon ps3 gamestop', 'spyro dawn of the dragon ps3 walkthrough', 'spyro dawn of the dragon ps3 iso', 'spyro dawn of the dragon ps3 trophies', 'spyro dawn of the dragon ps3 amazon']"
spy camera detector,"['spy camera detector', 'spy camera detector app', 'spy camera detector app for android', 'spy camera detector app for iphone', 'spy camera detector reviews', 'spy camera detector gadget', 'spy camera detector amazon', 'spy camera detector singapore', 'spy camera detector app for android free download', 'spy camera detector device']"
cheat codes for gta 5,"['cheat codes for gta 5', 'cheat codes for gta 5 ps3', 'cheat codes for gta 5 online', 'cheat codes for gta 5 pc', 'cheat codes for gta 5 ps4 money', 'cheat codes for gta 5 money', 'cheat codes for gta 5 ps3 online', 'cheat codes for gta 5 xbox 360 cars', 'cheat codes for gta 5 ps4 numbers', 'cheat codes for gta 5 cars']"
cheat codes for gta vice city psp vita,"['cheat codes for gta vice city psp vita', 'cheat codes for gta vice city ps vita']"
spyder movie review,"['spyder movie review', 'spyder movie review usa', 'spyder movie review idlebrain', 'spyder movie review twitter', 'spyder movie review and rating', 'spyder movie review behindwoods', 'spyder movie review in telugu', 'spyder movie review greatandhra', 'spyder movie review live updates']"
catch cheating spouse free app,"['catch cheating spouse free app', 'catch your spouse cheating free app', 'free iphone apps to catch cheating spouse', 'free android apps to catch cheating spouse']"
cheating definition,"['cheating definition', 'cheating definition in school', 'cheating definition marriage', 'cheating definition webster', 'cheating definition relationship', 'cheating definition bible', 'cheating definition in ipc', 'cheating definition essay', 'cheating definition oxford']"
cheaters app for android free,['cheaters app for android free']
free family locator app for iphone,"['free family locator app for iphone and android', 'free family locator app for iphone', 'best free family locator app for iphone']"
best keylogger for iphone 5,"['best keylogger for iphone 5', 'keylogger for iphone 5', 'keylogger for iphone 5 without jailbreak', 'keylogger for iphone 5 free']"
spyfall app rules,['spyfall app rules']
cheat engine 6.3 mac download,"['cheat engine 6.3 mac download', 'cheat engine 6.3 free download mac os x', 'cheat engine 6.3 mac os x download', 'cheat engine 6.3 download', 'cheat engine 6.3 download for windows 7', 'cheat engine 6.3 download for windows 8', 'cheat engine 6.3 download softonic', 'cheat engine 6.3 download filehippo', 'cheat engine 6.3 download 32 bit', 'cheat engine 6.3 download 64 bit']"
